{
  "id": "",
  "name": "",
  "font_family": "iconfont",
  "css_prefix_text": "icon-",
  "description": "",
  "glyphs": [
    {
      "icon_id": "393775",
      "name": "群蜂兴趣爱好",
      "font_class": "qunfengxingquaihao",
      "unicode": "e6af",
      "unicode_decimal": 59055
    },
    {
      "icon_id": "6265099",
      "name": "简历",
      "font_class": "resume-line",
      "unicode": "e64a",
      "unicode_decimal": 58954
    },
    {
      "icon_id": "6742925",
      "name": "医学科普",
      "font_class": "yixuekepu",
      "unicode": "e608",
      "unicode_decimal": 58888
    },
    {
      "icon_id": "7504590",
      "name": "成绩",
      "font_class": "chengji",
      "unicode": "e656",
      "unicode_decimal": 58966
    }
  ]
}
